angle_of_departure,surface_bounces,bottom_bounces,ray
-47.35785953177258,4,3,"[[ 0.00000000e+00  2.00000000e+00]
 [ 5.41933743e-01  1.41152076e+00]
 [ 1.08386749e+00  8.23041516e-01]
 [ 1.62580123e+00  2.34562274e-01]
 [ 1.84181091e+00  2.77555756e-17]
 [ 1.84186510e+00 -5.88479242e-05]
 [ 1.84186510e+00 -5.88479242e-05]
 [ 2.38379884e+00  5.88420394e-01]
 [ 2.92573258e+00  1.17689964e+00]
 [ 3.46766633e+00  1.76537888e+00]
 [ 4.00960007e+00  2.35385812e+00]
 [ 4.55153381e+00  2.94233736e+00]
 [ 5.09346756e+00  3.53081660e+00]
 [ 5.63540130e+00  4.11929585e+00]
 [ 6.17733504e+00  4.70777509e+00]
 [ 6.71926878e+00  5.29625433e+00]
 [ 7.26120253e+00  5.88473357e+00]
 [ 7.80313627e+00  6.47321282e+00]
 [ 8.34507001e+00  7.06169206e+00]
 [ 8.88700376e+00  7.65017130e+00]
 [ 9.20916291e+00  8.00000000e+00]
 [ 9.20916291e+00  8.00000000e+00]
 [ 9.75109666e+00  7.41152076e+00]
 [ 1.02930304e+01  6.82304152e+00]
 [ 1.08349641e+01  6.23456227e+00]
 [ 1.13768979e+01  5.64608303e+00]
 [ 1.19188316e+01  5.05760379e+00]
 [ 1.24607654e+01  4.46912455e+00]
 [ 1.30026991e+01  3.88064531e+00]
 [ 1.35446329e+01  3.29216606e+00]
 [ 1.40865666e+01  2.70368682e+00]
 [ 1.46285003e+01  2.11520758e+00]
 [ 1.51704341e+01  1.52672834e+00]
 [ 1.57123678e+01  9.38249095e-01]
 [ 1.62543016e+01  3.49769853e-01]
 [ 1.65764065e+01  0.00000000e+00]
 [ 1.65764065e+01  0.00000000e+00]
 [ 1.71183403e+01  5.88479242e-01]
 [ 1.76602740e+01  1.17695848e+00]
 [ 1.82022078e+01  1.76543773e+00]
 [ 1.87441415e+01  2.35391697e+00]
 [ 1.92860752e+01  2.94239621e+00]
 [ 1.98280090e+01  3.53087545e+00]
 [ 2.03699427e+01  4.11935469e+00]
 [ 2.09118765e+01  4.70783394e+00]
 [ 2.14538102e+01  5.29631318e+00]
 [ 2.19957440e+01  5.88479242e+00]
 [ 2.25376777e+01  6.47327166e+00]
 [ 2.30796114e+01  7.06175091e+00]
 [ 2.36215452e+01  7.65023015e+00]
 [ 2.39436502e+01  8.00000000e+00]
 [ 2.39436502e+01  8.00000000e+00]
 [ 2.44855839e+01  7.41152076e+00]
 [ 2.50275176e+01  6.82304152e+00]
 [ 2.55694514e+01  6.23456227e+00]
 [ 2.61113851e+01  5.64608303e+00]
 [ 2.66533189e+01  5.05760379e+00]
 [ 2.71952526e+01  4.46912455e+00]
 [ 2.77371864e+01  3.88064531e+00]
 [ 2.82791201e+01  3.29216606e+00]
 [ 2.88210538e+01  2.70368682e+00]
 [ 2.93629876e+01  2.11520758e+00]
 [ 2.99049213e+01  1.52672834e+00]
 [ 3.04468551e+01  9.38249095e-01]
 [ 3.09887888e+01  3.49769853e-01]
 [ 3.13108938e+01  0.00000000e+00]
 [ 3.13108938e+01  0.00000000e+00]
 [ 3.18528275e+01  5.88479242e-01]
 [ 3.23947613e+01  1.17695848e+00]
 [ 3.29366950e+01  1.76543773e+00]
 [ 3.34786287e+01  2.35391697e+00]
 [ 3.40205625e+01  2.94239621e+00]
 [ 3.45624962e+01  3.53087545e+00]
 [ 3.51044300e+01  4.11935469e+00]
 [ 3.56463637e+01  4.70783394e+00]
 [ 3.61882975e+01  5.29631318e+00]
 [ 3.67302312e+01  5.88479242e+00]
 [ 3.72721649e+01  6.47327166e+00]
 [ 3.78140987e+01  7.06175091e+00]
 [ 3.83560324e+01  7.65023015e+00]
 [ 3.86781374e+01  8.00000000e+00]
 [ 3.86781374e+01  8.00000000e+00]
 [ 3.92200711e+01  7.41152076e+00]
 [ 3.97620049e+01  6.82304152e+00]
 [ 4.03039386e+01  6.23456227e+00]
 [ 4.08458724e+01  5.64608303e+00]
 [ 4.13878061e+01  5.05760379e+00]
 [ 4.19297399e+01  4.46912455e+00]
 [ 4.24716736e+01  3.88064531e+00]
 [ 4.30136073e+01  3.29216606e+00]
 [ 4.35555411e+01  2.70368682e+00]
 [ 4.40974748e+01  2.11520758e+00]
 [ 4.46394086e+01  1.52672834e+00]
 [ 4.51813423e+01  9.38249095e-01]
 [ 4.57232761e+01  3.49769853e-01]
 [ 4.60453810e+01  0.00000000e+00]
 [ 4.60453810e+01  0.00000000e+00]
 [ 4.65873148e+01  5.88479242e-01]
 [ 4.71292485e+01  1.17695848e+00]
 [ 4.76711822e+01  1.76543773e+00]
 [ 4.82131160e+01  2.35391697e+00]
 [ 4.87550497e+01  2.94239621e+00]
 [ 4.92969835e+01  3.53087545e+00]
 [ 4.98389172e+01  4.11935469e+00]
 [ 5.03808510e+01  4.70783394e+00]]"
-46.82274247491639,4,3,"[[ 0.00000000e+00  2.00000000e+00]
 [ 5.47406161e-01  1.41660777e+00]
 [ 1.09481232e+00  8.33215539e-01]
 [ 1.64221848e+00  2.49823309e-01]
 [ 1.87663165e+00  2.77555756e-17]
 [ 1.87668639e+00 -5.83392230e-05]
 [ 1.87668639e+00 -5.83392230e-05]
 [ 2.42409255e+00  5.83333891e-01]
 [ 2.97149871e+00  1.16672612e+00]
 [ 3.51890487e+00  1.75011835e+00]
 [ 4.06631103e+00  2.33351058e+00]
 [ 4.61371720e+00  2.91690281e+00]
 [ 5.16112336e+00  3.50029504e+00]
 [ 5.70852952e+00  4.08368727e+00]
 [ 6.25593568e+00  4.66707950e+00]
 [ 6.80334184e+00  5.25047173e+00]
 [ 7.35074800e+00  5.83386396e+00]
 [ 7.89815416e+00  6.41725620e+00]
 [ 8.44556033e+00  7.00064843e+00]
 [ 8.99296649e+00  7.58404066e+00]
 [ 9.38326772e+00  8.00000000e+00]
 [ 9.38326772e+00  8.00000000e+00]
 [ 9.93067388e+00  7.41660777e+00]
 [ 1.04780800e+01  6.83321554e+00]
 [ 1.10254862e+01  6.24982331e+00]
 [ 1.15728924e+01  5.66643108e+00]
 [ 1.21202985e+01  5.08303885e+00]
 [ 1.26677047e+01  4.49964662e+00]
 [ 1.32151109e+01  3.91625439e+00]
 [ 1.37625170e+01  3.33286216e+00]
 [ 1.43099232e+01  2.74946993e+00]
 [ 1.48573293e+01  2.16607770e+00]
 [ 1.54047355e+01  1.58268547e+00]
 [ 1.59521417e+01  9.99293235e-01]
 [ 1.64995478e+01  4.15901005e-01]
 [ 1.68897943e+01  0.00000000e+00]
 [ 1.68897943e+01  0.00000000e+00]
 [ 1.74372005e+01  5.83392230e-01]
 [ 1.79846066e+01  1.16678446e+00]
 [ 1.85320128e+01  1.75017669e+00]
 [ 1.90794190e+01  2.33356892e+00]
 [ 1.96268251e+01  2.91696115e+00]
 [ 2.01742313e+01  3.50035338e+00]
 [ 2.07216374e+01  4.08374561e+00]
 [ 2.12690436e+01  4.66713784e+00]
 [ 2.18164498e+01  5.25053007e+00]
 [ 2.23638559e+01  5.83392230e+00]
 [ 2.29112621e+01  6.41731453e+00]
 [ 2.34586682e+01  7.00070676e+00]
 [ 2.40060744e+01  7.58409900e+00]
 [ 2.43963209e+01  8.00000000e+00]
 [ 2.43963209e+01  8.00000000e+00]
 [ 2.49437271e+01  7.41660777e+00]
 [ 2.54911332e+01  6.83321554e+00]
 [ 2.60385394e+01  6.24982331e+00]
 [ 2.65859456e+01  5.66643108e+00]
 [ 2.71333517e+01  5.08303885e+00]
 [ 2.76807579e+01  4.49964662e+00]
 [ 2.82281640e+01  3.91625439e+00]
 [ 2.87755702e+01  3.33286216e+00]
 [ 2.93229764e+01  2.74946993e+00]
 [ 2.98703825e+01  2.16607770e+00]
 [ 3.04177887e+01  1.58268547e+00]
 [ 3.09651948e+01  9.99293235e-01]
 [ 3.15126010e+01  4.15901005e-01]
 [ 3.19028475e+01  0.00000000e+00]
 [ 3.19028475e+01  0.00000000e+00]
 [ 3.24502537e+01  5.83392230e-01]
 [ 3.29976598e+01  1.16678446e+00]
 [ 3.35450660e+01  1.75017669e+00]
 [ 3.40924721e+01  2.33356892e+00]
 [ 3.46398783e+01  2.91696115e+00]
 [ 3.51872845e+01  3.50035338e+00]
 [ 3.57346906e+01  4.08374561e+00]
 [ 3.62820968e+01  4.66713784e+00]
 [ 3.68295029e+01  5.25053007e+00]
 [ 3.73769091e+01  5.83392230e+00]
 [ 3.79243153e+01  6.41731453e+00]
 [ 3.84717214e+01  7.00070676e+00]
 [ 3.90191276e+01  7.58409900e+00]
 [ 3.94093741e+01  8.00000000e+00]
 [ 3.94093741e+01  8.00000000e+00]
 [ 3.99567802e+01  7.41660777e+00]
 [ 4.05041864e+01  6.83321554e+00]
 [ 4.10515926e+01  6.24982331e+00]
 [ 4.15989987e+01  5.66643108e+00]
 [ 4.21464049e+01  5.08303885e+00]
 [ 4.26938111e+01  4.49964662e+00]
 [ 4.32412172e+01  3.91625439e+00]
 [ 4.37886234e+01  3.33286216e+00]
 [ 4.43360295e+01  2.74946993e+00]
 [ 4.48834357e+01  2.16607770e+00]
 [ 4.54308419e+01  1.58268547e+00]
 [ 4.59782480e+01  9.99293235e-01]
 [ 4.65256542e+01  4.15901005e-01]
 [ 4.69159007e+01  0.00000000e+00]
 [ 4.69159007e+01  0.00000000e+00]
 [ 4.74633068e+01  5.83392230e-01]
 [ 4.80107130e+01  1.16678446e+00]
 [ 4.85581192e+01  1.75017669e+00]
 [ 4.91055253e+01  2.33356892e+00]
 [ 4.96529315e+01  2.91696115e+00]
 [ 5.02003376e+01  3.50035338e+00]]"
-43.07692307692308,3,3,"[[ 0.          2.        ]
 [ 0.58434993  1.45361629]
 [ 1.16869987  0.90723259]
 [ 1.7530498   0.36084888]
 [ 2.13897277  0.        ]
 [ 2.13897277  0.        ]
 [ 2.72332271  0.54638371]
 [ 3.30767264  1.09276741]
 [ 3.89202258  1.63915112]
 [ 4.47637251  2.18553482]
 [ 5.06072245  2.73191853]
 [ 5.64507238  3.27830223]
 [ 6.22942232  3.82468594]
 [ 6.81377225  4.37106965]
 [ 7.39812218  4.91745335]
 [ 7.98247212  5.46383706]
 [ 8.56682205  6.01022076]
 [ 9.15117199  6.55660447]
 [ 9.73552192  7.10298817]
 [10.31987186  7.64937188]
 [10.69486386  8.        ]
 [10.69486386  8.        ]
 [11.27921379  7.45361629]
 [11.86356373  6.90723259]
 [12.44791366  6.36084888]
 [13.0322636   5.81446518]
 [13.61661353  5.26808147]
 [14.20096347  4.72169777]
 [14.7853134   4.17531406]
 [15.36966334  3.62893035]
 [15.95401327  3.08254665]
 [16.53836321  2.53616294]
 [17.12271314  1.98977924]
 [17.70706308  1.44339553]
 [18.29141301  0.89701183]
 [18.87576295  0.35062812]
 [19.25075495  0.        ]
 [19.25075495  0.        ]
 [19.83510488  0.54638371]
 [20.41945482  1.09276741]
 [21.00380475  1.63915112]
 [21.58815469  2.18553482]
 [22.17250462  2.73191853]
 [22.75685456  3.27830223]
 [23.34120449  3.82468594]
 [23.92555443  4.37106965]
 [24.50990436  4.91745335]
 [25.0942543   5.46383706]
 [25.67860423  6.01022076]
 [26.26295416  6.55660447]
 [26.8473041   7.10298817]
 [27.43165403  7.64937188]
 [27.80664604  8.        ]
 [27.80664604  8.        ]
 [28.39099597  7.45361629]
 [28.97534591  6.90723259]
 [29.55969584  6.36084888]
 [30.14404577  5.81446518]
 [30.72839571  5.26808147]
 [31.31274564  4.72169777]
 [31.89709558  4.17531406]
 [32.48144551  3.62893035]
 [33.06579545  3.08254665]
 [33.65014538  2.53616294]
 [34.23449532  1.98977924]
 [34.81884525  1.44339553]
 [35.40319519  0.89701183]
 [35.98754512  0.35062812]
 [36.36253712  0.        ]
 [36.36253712  0.        ]
 [36.94688706  0.54638371]
 [37.53123699  1.09276741]
 [38.11558693  1.63915112]
 [38.69993686  2.18553482]
 [39.2842868   2.73191853]
 [39.86863673  3.27830223]
 [40.45298667  3.82468594]
 [41.0373366   4.37106965]
 [41.62168654  4.91745335]
 [42.20603647  5.46383706]
 [42.79038641  6.01022076]
 [43.37473634  6.55660447]
 [43.95908628  7.10298817]
 [44.54343621  7.64937188]
 [44.91842821  8.        ]
 [44.91842821  8.        ]
 [45.50277815  7.45361629]
 [46.08712808  6.90723259]
 [46.67147802  6.36084888]
 [47.25582795  5.81446518]
 [47.84017789  5.26808147]
 [48.42452782  4.72169777]
 [49.00887775  4.17531406]
 [49.59322769  3.62893035]
 [50.17757762  3.08254665]]"
-42.54180602006689,3,3,"[[ 0.00000000e+00  2.00000000e+00]
 [ 5.89427356e-01  1.45909761e+00]
 [ 1.17885471e+00  9.18195225e-01]
 [ 1.76828207e+00  3.77292838e-01]
 [ 2.17942227e+00  5.55111512e-17]
 [ 2.17948122e+00 -5.40902387e-05]
 [ 2.17948122e+00 -5.40902387e-05]
 [ 2.76890857e+00  5.40848297e-01]
 [ 3.35833593e+00  1.08175068e+00]
 [ 3.94776328e+00  1.62265307e+00]
 [ 4.53719064e+00  2.16355546e+00]
 [ 5.12661799e+00  2.70445785e+00]
 [ 5.71604535e+00  3.24536023e+00]
 [ 6.30547271e+00  3.78626262e+00]
 [ 6.89490006e+00  4.32716501e+00]
 [ 7.48432742e+00  4.86806740e+00]
 [ 8.07375477e+00  5.40896978e+00]
 [ 8.66318213e+00  5.94987217e+00]
 [ 9.25260948e+00  6.49077456e+00]
 [ 9.84203684e+00  7.03167694e+00]
 [ 1.04314642e+01  7.57257933e+00]
 [ 1.08972293e+01  8.00000000e+00]
 [ 1.08972293e+01  8.00000000e+00]
 [ 1.14866566e+01  7.45909761e+00]
 [ 1.20760840e+01  6.91819523e+00]
 [ 1.26655113e+01  6.37729284e+00]
 [ 1.32549387e+01  5.83639045e+00]
 [ 1.38443660e+01  5.29548806e+00]
 [ 1.44337934e+01  4.75458568e+00]
 [ 1.50232207e+01  4.21368329e+00]
 [ 1.56126481e+01  3.67278090e+00]
 [ 1.62020755e+01  3.13187851e+00]
 [ 1.67915028e+01  2.59097613e+00]
 [ 1.73809302e+01  2.05007374e+00]
 [ 1.79703575e+01  1.50917135e+00]
 [ 1.85597849e+01  9.68268965e-01]
 [ 1.91492122e+01  4.27366578e-01]
 [ 1.96149184e+01  0.00000000e+00]
 [ 1.96149184e+01  0.00000000e+00]
 [ 2.02043457e+01  5.40902387e-01]
 [ 2.07937731e+01  1.08180477e+00]
 [ 2.13832004e+01  1.62270716e+00]
 [ 2.19726278e+01  2.16360955e+00]
 [ 2.25620551e+01  2.70451194e+00]
 [ 2.31514825e+01  3.24541432e+00]
 [ 2.37409098e+01  3.78631671e+00]
 [ 2.43303372e+01  4.32721910e+00]
 [ 2.49197646e+01  4.86812149e+00]
 [ 2.55091919e+01  5.40902387e+00]
 [ 2.60986193e+01  5.94992626e+00]
 [ 2.66880466e+01  6.49082865e+00]
 [ 2.72774740e+01  7.03173103e+00]
 [ 2.78669013e+01  7.57263342e+00]
 [ 2.83326074e+01  8.00000000e+00]
 [ 2.83326074e+01  8.00000000e+00]
 [ 2.89220348e+01  7.45909761e+00]
 [ 2.95114622e+01  6.91819523e+00]
 [ 3.01008895e+01  6.37729284e+00]
 [ 3.06903169e+01  5.83639045e+00]
 [ 3.12797442e+01  5.29548806e+00]
 [ 3.18691716e+01  4.75458568e+00]
 [ 3.24585989e+01  4.21368329e+00]
 [ 3.30480263e+01  3.67278090e+00]
 [ 3.36374536e+01  3.13187851e+00]
 [ 3.42268810e+01  2.59097613e+00]
 [ 3.48163084e+01  2.05007374e+00]
 [ 3.54057357e+01  1.50917135e+00]
 [ 3.59951631e+01  9.68268965e-01]
 [ 3.65845904e+01  4.27366578e-01]
 [ 3.70502965e+01  0.00000000e+00]
 [ 3.70502965e+01  0.00000000e+00]
 [ 3.76397239e+01  5.40902387e-01]
 [ 3.82291513e+01  1.08180477e+00]
 [ 3.88185786e+01  1.62270716e+00]
 [ 3.94080060e+01  2.16360955e+00]
 [ 3.99974333e+01  2.70451194e+00]
 [ 4.05868607e+01  3.24541432e+00]
 [ 4.11762880e+01  3.78631671e+00]
 [ 4.17657154e+01  4.32721910e+00]
 [ 4.23551427e+01  4.86812149e+00]
 [ 4.29445701e+01  5.40902387e+00]
 [ 4.35339975e+01  5.94992626e+00]
 [ 4.41234248e+01  6.49082865e+00]
 [ 4.47128522e+01  7.03173103e+00]
 [ 4.53022795e+01  7.57263342e+00]
 [ 4.57679856e+01  8.00000000e+00]
 [ 4.57679856e+01  8.00000000e+00]
 [ 4.63574130e+01  7.45909761e+00]
 [ 4.69468404e+01  6.91819523e+00]
 [ 4.75362677e+01  6.37729284e+00]
 [ 4.81256951e+01  5.83639045e+00]
 [ 4.87151224e+01  5.29548806e+00]
 [ 4.93045498e+01  4.75458568e+00]
 [ 4.98939771e+01  4.21368329e+00]
 [ 5.04834045e+01  3.67278090e+00]]"
-37.725752508361204,3,2,"[[0.00000000e+00 2.00000000e+00]
 [6.32758874e-01 1.51049391e+00]
 [1.26551775e+00 1.02098783e+00]
 [1.89827662e+00 5.31481744e-01]
 [2.53103550e+00 4.19756591e-02]
 [2.58529523e+00 0.00000000e+00]
 [2.58529523e+00 0.00000000e+00]
 [3.21805411e+00 4.89506085e-01]
 [3.85081298e+00 9.79012170e-01]
 [4.48357185e+00 1.46851826e+00]
 [5.11633073e+00 1.95802434e+00]
 [5.74908960e+00 2.44753043e+00]
 [6.38184847e+00 2.93703651e+00]
 [7.01460735e+00 3.42654260e+00]
 [7.64736622e+00 3.91604868e+00]
 [8.28012510e+00 4.40555477e+00]
 [8.91288397e+00 4.89506085e+00]
 [9.54564284e+00 5.38456694e+00]
 [1.01784017e+01 5.87407302e+00]
 [1.08111606e+01 6.36357911e+00]
 [1.14439195e+01 6.85308519e+00]
 [1.20766783e+01 7.34259128e+00]
 [1.27094372e+01 7.83209736e+00]
 [1.29264762e+01 8.00000000e+00]
 [1.29264762e+01 8.00000000e+00]
 [1.35592350e+01 7.51049391e+00]
 [1.41919939e+01 7.02098783e+00]
 [1.48247528e+01 6.53148174e+00]
 [1.54575117e+01 6.04197566e+00]
 [1.60902705e+01 5.55246957e+00]
 [1.67230294e+01 5.06296349e+00]
 [1.73557883e+01 4.57345740e+00]
 [1.79885471e+01 4.08395132e+00]
 [1.86213060e+01 3.59444523e+00]
 [1.92540649e+01 3.10493915e+00]
 [1.98868238e+01 2.61543306e+00]
 [2.05195826e+01 2.12592698e+00]
 [2.11523415e+01 1.63642089e+00]
 [2.17851004e+01 1.14691481e+00]
 [2.24178593e+01 6.57408722e-01]
 [2.30506181e+01 1.67902636e-01]
 [2.32676571e+01 0.00000000e+00]
 [2.32676571e+01 0.00000000e+00]
 [2.39004160e+01 4.89506085e-01]
 [2.45331748e+01 9.79012170e-01]
 [2.51659337e+01 1.46851826e+00]
 [2.57986926e+01 1.95802434e+00]
 [2.64314515e+01 2.44753043e+00]
 [2.70642103e+01 2.93703651e+00]
 [2.76969692e+01 3.42654260e+00]
 [2.83297281e+01 3.91604868e+00]
 [2.89624869e+01 4.40555477e+00]
 [2.95952458e+01 4.89506085e+00]
 [3.02280047e+01 5.38456694e+00]
 [3.08607636e+01 5.87407302e+00]
 [3.14935224e+01 6.36357911e+00]
 [3.21262813e+01 6.85308519e+00]
 [3.27590402e+01 7.34259128e+00]
 [3.33917991e+01 7.83209736e+00]
 [3.36088380e+01 8.00000000e+00]
 [3.36088380e+01 8.00000000e+00]
 [3.42415969e+01 7.51049391e+00]
 [3.48743558e+01 7.02098783e+00]
 [3.55071146e+01 6.53148174e+00]
 [3.61398735e+01 6.04197566e+00]
 [3.67726324e+01 5.55246957e+00]
 [3.74053913e+01 5.06296349e+00]
 [3.80381501e+01 4.57345740e+00]
 [3.86709090e+01 4.08395132e+00]
 [3.93036679e+01 3.59444523e+00]
 [3.99364267e+01 3.10493915e+00]
 [4.05691856e+01 2.61543306e+00]
 [4.12019445e+01 2.12592698e+00]
 [4.18347034e+01 1.63642089e+00]
 [4.24674622e+01 1.14691481e+00]
 [4.31002211e+01 6.57408722e-01]
 [4.37329800e+01 1.67902636e-01]
 [4.39500189e+01 0.00000000e+00]
 [4.39500189e+01 0.00000000e+00]
 [4.45827778e+01 4.89506085e-01]
 [4.52155367e+01 9.79012170e-01]
 [4.58482956e+01 1.46851826e+00]
 [4.64810544e+01 1.95802434e+00]
 [4.71138133e+01 2.44753043e+00]
 [4.77465722e+01 2.93703651e+00]
 [4.83793311e+01 3.42654260e+00]
 [4.90120899e+01 3.91604868e+00]
 [4.96448488e+01 4.40555477e+00]
 [5.02776077e+01 4.89506085e+00]]"
-37.19063545150502,3,2,"[[ 0.          2.        ]
 [ 0.63730298  1.51642486]
 [ 1.27460596  1.03284973]
 [ 1.91190894  0.54927459]
 [ 2.54921192  0.06569946]
 [ 2.63579714  0.        ]
 [ 2.63579714  0.        ]
 [ 3.27310012  0.48357514]
 [ 3.9104031   0.96715027]
 [ 4.54770607  1.45072541]
 [ 5.18500905  1.93430054]
 [ 5.82231203  2.41787568]
 [ 6.45961501  2.90145082]
 [ 7.09691799  3.38502595]
 [ 7.73422097  3.86860109]
 [ 8.37152395  4.35217623]
 [ 9.00882693  4.83575136]
 [ 9.64612991  5.3193265 ]
 [10.28343289  5.80290163]
 [10.92073587  6.28647677]
 [11.55803885  6.77005191]
 [12.19534183  7.25362704]
 [12.83264481  7.73720218]
 [13.17898568  8.        ]
 [13.17898568  8.        ]
 [13.81628866  7.51642486]
 [14.45359164  7.03284973]
 [15.09089462  6.54927459]
 [15.7281976   6.06569946]
 [16.36550058  5.58212432]
 [17.00280356  5.09854918]
 [17.64010654  4.61497405]
 [18.27740952  4.13139891]
 [18.9147125   3.64782377]
 [19.55201548  3.16424864]
 [20.18931846  2.6806735 ]
 [20.82662144  2.19709837]
 [21.46392442  1.71352323]
 [22.10122739  1.22994809]
 [22.73853037  0.74637296]
 [23.37583335  0.26279782]
 [23.72217423  0.        ]
 [23.72217423  0.        ]
 [24.35947721  0.48357514]
 [24.99678019  0.96715027]
 [25.63408317  1.45072541]
 [26.27138614  1.93430054]
 [26.90868912  2.41787568]
 [27.5459921   2.90145082]
 [28.18329508  3.38502595]
 [28.82059806  3.86860109]
 [29.45790104  4.35217623]
 [30.09520402  4.83575136]
 [30.732507    5.3193265 ]
 [31.36980998  5.80290163]
 [32.00711296  6.28647677]
 [32.64441594  6.77005191]
 [33.28171892  7.25362704]
 [33.9190219   7.73720218]
 [34.26536277  8.        ]
 [34.26536277  8.        ]
 [34.90266575  7.51642486]
 [35.53996873  7.03284973]
 [36.17727171  6.54927459]
 [36.81457469  6.06569946]
 [37.45187767  5.58212432]
 [38.08918065  5.09854918]
 [38.72648363  4.61497405]
 [39.36378661  4.13139891]
 [40.00108959  3.64782377]
 [40.63839257  3.16424864]
 [41.27569555  2.6806735 ]
 [41.91299853  2.19709837]
 [42.55030151  1.71352323]
 [43.18760449  1.22994809]
 [43.82490746  0.74637296]
 [44.46221044  0.26279782]
 [44.80855132  0.        ]
 [44.80855132  0.        ]
 [45.4458543   0.48357514]
 [46.08315728  0.96715027]
 [46.72046026  1.45072541]
 [47.35776324  1.93430054]
 [47.99506621  2.41787568]
 [48.63236919  2.90145082]
 [49.26967217  3.38502595]
 [49.90697515  3.86860109]
 [50.5         4.3185787 ]]"
-31.30434782608696,2,2,"[[ 0.          2.        ]
 [ 0.68353552  1.58433284]
 [ 1.36707105  1.16866568]
 [ 2.05060657  0.75299852]
 [ 2.73414209  0.33733136]
 [ 3.28885988  0.        ]
 [ 3.28885988  0.        ]
 [ 3.97239541  0.41566716]
 [ 4.65593093  0.83133432]
 [ 5.33946645  1.24700148]
 [ 6.02300198  1.66266864]
 [ 6.7065375   2.0783358 ]
 [ 7.39007302  2.49400296]
 [ 8.07360855  2.90967012]
 [ 8.75714407  3.32533728]
 [ 9.4406796   3.74100444]
 [10.12421512  4.1566716 ]
 [10.80775064  4.57233876]
 [11.49128617  4.98800592]
 [12.17482169  5.40367308]
 [12.85835721  5.81934024]
 [13.54189274  6.2350074 ]
 [14.22542826  6.65067456]
 [14.90896378  7.06634172]
 [15.59249931  7.48200888]
 [16.27603483  7.89767604]
 [16.44429941  8.        ]
 [16.44429941  8.        ]
 [17.12783494  7.58433284]
 [17.81137046  7.16866568]
 [18.49490599  6.75299852]
 [19.17844151  6.33733136]
 [19.86197703  5.9216642 ]
 [20.54551256  5.50599704]
 [21.22904808  5.09032988]
 [21.9125836   4.67466272]
 [22.59611913  4.25899556]
 [23.27965465  3.8433284 ]
 [23.96319017  3.42766124]
 [24.6467257   3.01199408]
 [25.33026122  2.59632692]
 [26.01379675  2.18065976]
 [26.69733227  1.7649926 ]
 [27.38086779  1.34932544]
 [28.06440332  0.93365828]
 [28.74793884  0.51799112]
 [29.43147436  0.10232396]
 [29.59973895  0.        ]
 [29.59973895  0.        ]
 [30.28327447  0.41566716]
 [30.96680999  0.83133432]
 [31.65034552  1.24700148]
 [32.33388104  1.66266864]
 [33.01741656  2.0783358 ]
 [33.70095209  2.49400296]
 [34.38448761  2.90967012]
 [35.06802314  3.32533728]
 [35.75155866  3.74100444]
 [36.43509418  4.1566716 ]
 [37.11862971  4.57233876]
 [37.80216523  4.98800592]
 [38.48570075  5.40367308]
 [39.16923628  5.81934024]
 [39.8527718   6.2350074 ]
 [40.53630732  6.65067456]
 [41.21984285  7.06634172]
 [41.90337837  7.48200888]
 [42.5869139   7.89767604]
 [42.75517848  8.        ]
 [42.75517848  8.        ]
 [43.438714    7.58433284]
 [44.12224953  7.16866568]
 [44.80578505  6.75299852]
 [45.48932057  6.33733136]
 [46.1728561   5.9216642 ]
 [46.85639162  5.50599704]
 [47.53992714  5.09032988]
 [48.22346267  4.67466272]
 [48.90699819  4.25899556]
 [49.59053371  3.8433284 ]
 [50.27406924  3.42766124]]"
-30.769230769230774,2,2,"[[ 0.          2.        ]
 [ 0.6873878   1.59073479]
 [ 1.3747756   1.18146959]
 [ 2.06216341  0.77220438]
 [ 2.74955121  0.36293917]
 [ 3.35913139  0.        ]
 [ 3.35913139  0.        ]
 [ 4.04651919  0.40926521]
 [ 4.733907    0.81853041]
 [ 5.4212948   1.22779562]
 [ 6.1086826   1.63706083]
 [ 6.7960704   2.04632603]
 [ 7.4834582   2.45559124]
 [ 8.17084601  2.86485645]
 [ 8.85823381  3.27412166]
 [ 9.54562161  3.68338686]
 [10.23300941  4.09265207]
 [10.92039721  4.50191728]
 [11.60778502  4.91118248]
 [12.29517282  5.32044769]
 [12.98256062  5.7297129 ]
 [13.66994842  6.1389781 ]
 [14.35733622  6.54824331]
 [15.04472403  6.95750852]
 [15.73211183  7.36677372]
 [16.41949963  7.77603893]
 [16.79565696  8.        ]
 [16.79565696  8.        ]
 [17.48304476  7.59073479]
 [18.17043256  7.18146959]
 [18.85782036  6.77220438]
 [19.54520817  6.36293917]
 [20.23259597  5.95367397]
 [20.91998377  5.54440876]
 [21.60737157  5.13514355]
 [22.29475938  4.72587834]
 [22.98214718  4.31661314]
 [23.66953498  3.90734793]
 [24.35692278  3.49808272]
 [25.04431058  3.08881752]
 [25.73169839  2.67955231]
 [26.41908619  2.2702871 ]
 [27.10647399  1.8610219 ]
 [27.79386179  1.45175669]
 [28.48124959  1.04249148]
 [29.1686374   0.63322628]
 [29.8560252   0.22396107]
 [30.23218253  0.        ]
 [30.23218253  0.        ]
 [30.91957033  0.40926521]
 [31.60695813  0.81853041]
 [32.29434593  1.22779562]
 [32.98173373  1.63706083]
 [33.66912154  2.04632603]
 [34.35650934  2.45559124]
 [35.04389714  2.86485645]
 [35.73128494  3.27412166]
 [36.41867274  3.68338686]
 [37.10606055  4.09265207]
 [37.79344835  4.50191728]
 [38.48083615  4.91118248]
 [39.16822395  5.32044769]
 [39.85561175  5.7297129 ]
 [40.54299956  6.1389781 ]
 [41.23038736  6.54824331]
 [41.91777516  6.95750852]
 [42.60516296  7.36677372]
 [43.29255076  7.77603893]
 [43.66870809  8.        ]
 [43.66870809  8.        ]
 [44.35609589  7.59073479]
 [45.0434837   7.18146959]
 [45.7308715   6.77220438]
 [46.4182593   6.36293917]
 [47.1056471   5.95367397]
 [47.7930349   5.54440876]
 [48.48042271  5.13514355]
 [49.16781051  4.72587834]
 [49.85519831  4.31661314]
 [50.5         3.93270336]]"
-23.812709030100336,2,1,"[[ 0.          2.        ]
 [ 0.73189611  1.67700141]
 [ 1.46379221  1.35400282]
 [ 2.19568832  1.03100423]
 [ 2.92758443  0.70800564]
 [ 3.65948053  0.38500705]
 [ 4.39137664  0.06200846]
 [ 4.53188422  0.        ]
 [ 4.53188422  0.        ]
 [ 5.26378032  0.32299859]
 [ 5.99567643  0.64599718]
 [ 6.72757254  0.96899577]
 [ 7.45946864  1.29199436]
 [ 8.19136475  1.61499295]
 [ 8.92326086  1.93799154]
 [ 9.65515696  2.26099013]
 [10.38705307  2.58398872]
 [11.11894918  2.90698731]
 [11.85084528  3.2299859 ]
 [12.58274139  3.55298449]
 [13.3146375   3.87598308]
 [14.0465336   4.19898167]
 [14.77842971  4.52198026]
 [15.51032582  4.84497885]
 [16.24222192  5.16797744]
 [16.97411803  5.49097603]
 [17.70601414  5.81397462]
 [18.43791024  6.13697321]
 [19.16980635  6.4599718 ]
 [19.90170246  6.78297039]
 [20.63359856  7.10596898]
 [21.36549467  7.42896757]
 [22.09739077  7.75196616]
 [22.65942109  8.        ]
 [22.65942109  8.        ]
 [23.3913172   7.67700141]
 [24.1232133   7.35400282]
 [24.85510941  7.03100423]
 [25.58700552  6.70800564]
 [26.31890162  6.38500705]
 [27.05079773  6.06200846]
 [27.78269384  5.73900987]
 [28.51458994  5.41601128]
 [29.24648605  5.09301269]
 [29.97838216  4.7700141 ]
 [30.71027826  4.44701551]
 [31.44217437  4.12401692]
 [32.17407048  3.80101833]
 [32.90596658  3.47801974]
 [33.63786269  3.15502115]
 [34.36975879  2.83202256]
 [35.1016549   2.50902397]
 [35.83355101  2.18602538]
 [36.56544711  1.86302679]
 [37.29734322  1.5400282 ]
 [38.02923933  1.21702961]
 [38.76113543  0.89403102]
 [39.49303154  0.57103243]
 [40.22492765  0.24803384]
 [40.78695796  0.        ]
 [40.78695796  0.        ]
 [41.51885407  0.32299859]
 [42.25075018  0.64599718]
 [42.98264628  0.96899577]
 [43.71454239  1.29199436]
 [44.44643849  1.61499295]
 [45.1783346   1.93799154]
 [45.91023071  2.26099013]
 [46.64212681  2.58398872]
 [47.37402292  2.90698731]
 [48.10591903  3.2299859 ]
 [48.83781513  3.55298449]
 [49.56971124  3.87598308]
 [50.30160735  4.19898167]]"
-23.27759197324415,2,1,"[[ 0.          2.        ]
 [ 0.73488081  1.68385098]
 [ 1.46976161  1.36770196]
 [ 2.20464242  1.05155294]
 [ 2.93952322  0.73540392]
 [ 3.67440403  0.41925491]
 [ 4.40928483  0.10310589]
 [ 4.64895199  0.        ]
 [ 4.64895199  0.        ]
 [ 5.3838328   0.31614902]
 [ 6.1187136   0.63229804]
 [ 6.85359441  0.94844706]
 [ 7.58847521  1.26459608]
 [ 8.32335602  1.58074509]
 [ 9.05823682  1.89689411]
 [ 9.79311763  2.21304313]
 [10.52799843  2.52919215]
 [11.26287924  2.84534117]
 [11.99776004  3.16149019]
 [12.73264085  3.47763921]
 [13.46752165  3.79378823]
 [14.20240246  4.10993725]
 [14.93728326  4.42608626]
 [15.67216407  4.74223528]
 [16.40704487  5.0583843 ]
 [17.14192568  5.37453332]
 [17.87680648  5.69068234]
 [18.61168729  6.00683136]
 [19.34656809  6.32298038]
 [20.0814489   6.6391294 ]
 [20.8163297   6.95527842]
 [21.55121051  7.27142743]
 [22.28609131  7.58757645]
 [23.02097212  7.90372547]
 [23.24475995  8.        ]
 [23.24475995  8.        ]
 [23.97964075  7.68385098]
 [24.71452156  7.36770196]
 [25.44940237  7.05155294]
 [26.18428317  6.73540392]
 [26.91916398  6.41925491]
 [27.65404478  6.10310589]
 [28.38892559  5.78695687]
 [29.12380639  5.47080785]
 [29.8586872   5.15465883]
 [30.593568    4.83850981]
 [31.32844881  4.52236079]
 [32.06332961  4.20621177]
 [32.79821042  3.89006275]
 [33.53309122  3.57391374]
 [34.26797203  3.25776472]
 [35.00285283  2.9416157 ]
 [35.73773364  2.62546668]
 [36.47261444  2.30931766]
 [37.20749525  1.99316864]
 [37.94237605  1.67701962]
 [38.67725686  1.3608706 ]
 [39.41213766  1.04472158]
 [40.14701847  0.72857257]
 [40.88189927  0.41242355]
 [41.61678008  0.09627453]
 [41.84056791  0.        ]
 [41.84056791  0.        ]
 [42.57544871  0.31614902]
 [43.31032952  0.63229804]
 [44.04521033  0.94844706]
 [44.78009113  1.26459608]
 [45.51497194  1.58074509]
 [46.24985274  1.89689411]
 [46.98473355  2.21304313]
 [47.71961435  2.52919215]
 [48.45449516  2.84534117]
 [49.18937596  3.16149019]
 [49.92425677  3.47763921]
 [50.5         3.72532653]]"
-15.785953177257525,1,1,"[[0.00000000e+00 2.00000000e+00]
 [7.69827774e-01 1.78236453e+00]
 [1.53965555e+00 1.56472906e+00]
 [2.30948332e+00 1.34709359e+00]
 [3.07931110e+00 1.12945812e+00]
 [3.84913887e+00 9.11822647e-01]
 [4.61896665e+00 6.94187176e-01]
 [5.38879442e+00 4.76551705e-01]
 [6.15862219e+00 2.58916235e-01]
 [6.92844997e+00 4.12807641e-02]
 [7.07446973e+00 0.00000000e+00]
 [7.07446973e+00 0.00000000e+00]
 [7.84429750e+00 2.17635471e-01]
 [8.61412527e+00 4.35270941e-01]
 [9.38395305e+00 6.52906412e-01]
 [1.01537808e+01 8.70541883e-01]
 [1.09236086e+01 1.08817735e+00]
 [1.16934364e+01 1.30581282e+00]
 [1.24632641e+01 1.52344829e+00]
 [1.32330919e+01 1.74108377e+00]
 [1.40029197e+01 1.95871924e+00]
 [1.47727475e+01 2.17635471e+00]
 [1.55425752e+01 2.39399018e+00]
 [1.63124030e+01 2.61162565e+00]
 [1.70822308e+01 2.82926112e+00]
 [1.78520586e+01 3.04689659e+00]
 [1.86218863e+01 3.26453206e+00]
 [1.93917141e+01 3.48216753e+00]
 [2.01615419e+01 3.69980300e+00]
 [2.09313697e+01 3.91743847e+00]
 [2.17011974e+01 4.13507394e+00]
 [2.24710252e+01 4.35270941e+00]
 [2.32408530e+01 4.57034488e+00]
 [2.40106808e+01 4.78798035e+00]
 [2.47805085e+01 5.00561583e+00]
 [2.55503363e+01 5.22325130e+00]
 [2.63201641e+01 5.44088677e+00]
 [2.70899919e+01 5.65852224e+00]
 [2.78598196e+01 5.87615771e+00]
 [2.86296474e+01 6.09379318e+00]
 [2.93994752e+01 6.31142865e+00]
 [3.01693030e+01 6.52906412e+00]
 [3.09391307e+01 6.74669959e+00]
 [3.17089585e+01 6.96433506e+00]
 [3.24787863e+01 7.18197053e+00]
 [3.32486140e+01 7.39960600e+00]
 [3.40184418e+01 7.61724147e+00]
 [3.47882696e+01 7.83487694e+00]
 [3.53723486e+01 8.00000000e+00]
 [3.53723486e+01 8.00000000e+00]
 [3.61421764e+01 7.78236453e+00]
 [3.69120042e+01 7.56472906e+00]
 [3.76818320e+01 7.34709359e+00]
 [3.84516597e+01 7.12945812e+00]
 [3.92214875e+01 6.91182265e+00]
 [3.99913153e+01 6.69418718e+00]
 [4.07611430e+01 6.47655171e+00]
 [4.15309708e+01 6.25891623e+00]
 [4.23007986e+01 6.04128076e+00]
 [4.30706264e+01 5.82364529e+00]
 [4.38404541e+01 5.60600982e+00]
 [4.46102819e+01 5.38837435e+00]
 [4.53801097e+01 5.17073888e+00]
 [4.61499375e+01 4.95310341e+00]
 [4.69197652e+01 4.73546794e+00]
 [4.76895930e+01 4.51783247e+00]
 [4.84594208e+01 4.30019700e+00]
 [4.92292486e+01 4.08256153e+00]
 [4.99990763e+01 3.86492606e+00]
 [5.05000000e+01 3.72331158e+00]]"
-15.250836120401345,1,1,"[[ 0.          2.        ]
 [ 0.77182679  1.78956377]
 [ 1.54365358  1.57912753]
 [ 2.31548036  1.3686913 ]
 [ 3.08730715  1.15825506]
 [ 3.85913394  0.94781883]
 [ 4.63096073  0.73738259]
 [ 5.40278752  0.52694636]
 [ 6.17461431  0.31651012]
 [ 6.94644109  0.10607389]
 [ 7.33549323  0.        ]
 [ 7.33549323  0.        ]
 [ 8.10732002  0.21043623]
 [ 8.87914681  0.42087247]
 [ 9.65097359  0.6313087 ]
 [10.42280038  0.84174494]
 [11.19462717  1.05218117]
 [11.96645396  1.26261741]
 [12.73828075  1.47305364]
 [13.51010754  1.68348988]
 [14.28193432  1.89392611]
 [15.05376111  2.10436235]
 [15.8255879   2.31479858]
 [16.59741469  2.52523482]
 [17.36924148  2.73567105]
 [18.14106827  2.94610729]
 [18.91289505  3.15654352]
 [19.68472184  3.36697976]
 [20.45654863  3.57741599]
 [21.22837542  3.78785223]
 [22.00020221  3.99828846]
 [22.77202899  4.2087247 ]
 [23.54385578  4.41916093]
 [24.31568257  4.62959717]
 [25.08750936  4.8400334 ]
 [25.85933615  5.05046964]
 [26.63116294  5.26090587]
 [27.40298972  5.47134211]
 [28.17481651  5.68177834]
 [28.9466433   5.89221458]
 [29.71847009  6.10265081]
 [30.49029688  6.31308705]
 [31.26212367  6.52352328]
 [32.03395045  6.73395952]
 [32.80577724  6.94439575]
 [33.57760403  7.15483199]
 [34.34943082  7.36526822]
 [35.12125761  7.57570446]
 [35.89308439  7.78614069]
 [36.66491118  7.99657693]
 [36.67746615  8.        ]
 [36.67746615  8.        ]
 [37.44929294  7.78956377]
 [38.22111973  7.57912753]
 [38.99294652  7.3686913 ]
 [39.7647733   7.15825506]
 [40.53660009  6.94781883]
 [41.30842688  6.73738259]
 [42.08025367  6.52694636]
 [42.85208046  6.31651012]
 [43.62390724  6.10607389]
 [44.39573403  5.89563765]
 [45.16756082  5.68520142]
 [45.93938761  5.47476518]
 [46.7112144   5.26432895]
 [47.48304119  5.05389271]
 [48.25486797  4.84345648]
 [49.02669476  4.63302024]
 [49.79852155  4.42258401]
 [50.5         4.23132803]]"
-7.224080267558534,1,0,"[[ 0.          2.        ]
 [ 0.79364955  1.89939985]
 [ 1.5872991   1.7987997 ]
 [ 2.38094865  1.69819955]
 [ 3.1745982   1.5975994 ]
 [ 3.96824775  1.49699925]
 [ 4.76189731  1.3963991 ]
 [ 5.55554686  1.29579894]
 [ 6.34919641  1.19519879]
 [ 7.14284596  1.09459864]
 [ 7.93649551  0.99399849]
 [ 8.73014506  0.89339834]
 [ 9.52379461  0.79279819]
 [10.31744416  0.69219804]
 [11.11109371  0.59159789]
 [11.90474326  0.49099774]
 [12.69839281  0.39039759]
 [13.49204237  0.28979744]
 [14.28569192  0.18919729]
 [15.07934147  0.08859714]
 [15.77829745  0.        ]
 [15.77829745  0.        ]
 [16.571947    0.10060015]
 [17.36559655  0.2012003 ]
 [18.1592461   0.30180045]
 [18.95289566  0.4024006 ]
 [19.74654521  0.50300075]
 [20.54019476  0.6036009 ]
 [21.33384431  0.70420106]
 [22.12749386  0.80480121]
 [22.92114341  0.90540136]
 [23.71479296  1.00600151]
 [24.50844251  1.10660166]
 [25.30209206  1.20720181]
 [26.09574161  1.30780196]
 [26.88939117  1.40840211]
 [27.68304072  1.50900226]
 [28.47669027  1.60960241]
 [29.27033982  1.71020256]
 [30.06398937  1.81080271]
 [30.85763892  1.91140286]
 [31.65128847  2.01200301]
 [32.44493802  2.11260317]
 [33.23858757  2.21320332]
 [34.03223712  2.31380347]
 [34.82588667  2.41440362]
 [35.61953623  2.51500377]
 [36.41318578  2.61560392]
 [37.20683533  2.71620407]
 [38.00048488  2.81680422]
 [38.79413443  2.91740437]
 [39.58778398  3.01800452]
 [40.38143353  3.11860467]
 [41.17508308  3.21920482]
 [41.96873263  3.31980497]
 [42.76238218  3.42040512]
 [43.55603173  3.52100528]
 [44.34968129  3.62160543]
 [45.14333084  3.72220558]
 [45.93698039  3.82280573]
 [46.73062994  3.92340588]
 [47.52427949  4.02400603]
 [48.31792904  4.12460618]
 [49.11157859  4.22520633]
 [49.90522814  4.32580648]
 [50.5         4.40119761]]"
-6.68896321070234,1,0,"[[0.00000000e+00 2.00000000e+00]
 [7.94554484e-01 1.90681646e+00]
 [1.58910897e+00 1.81363292e+00]
 [2.38366345e+00 1.72044939e+00]
 [3.17821794e+00 1.62726585e+00]
 [3.97277242e+00 1.53408231e+00]
 [4.76732690e+00 1.44089877e+00]
 [5.56188139e+00 1.34771524e+00]
 [6.35643587e+00 1.25453170e+00]
 [7.15099036e+00 1.16134816e+00]
 [7.94554484e+00 1.06816462e+00]
 [8.74009933e+00 9.74981085e-01]
 [9.53465381e+00 8.81797547e-01]
 [1.03292083e+01 7.88614010e-01]
 [1.11237628e+01 6.95430472e-01]
 [1.19183173e+01 6.02246934e-01]
 [1.27128717e+01 5.09063396e-01]
 [1.35074262e+01 4.15879859e-01]
 [1.43019807e+01 3.22696321e-01]
 [1.50965352e+01 2.29512783e-01]
 [1.58910897e+01 1.36329246e-01]
 [1.66856442e+01 4.31457079e-02]
 [1.70535376e+01 0.00000000e+00]
 [1.70535376e+01 0.00000000e+00]
 [1.78480921e+01 9.31835377e-02]
 [1.86426466e+01 1.86367075e-01]
 [1.94372011e+01 2.79550613e-01]
 [2.02317556e+01 3.72734151e-01]
 [2.10263101e+01 4.65917689e-01]
 [2.18208645e+01 5.59101226e-01]
 [2.26154190e+01 6.52284764e-01]
 [2.34099735e+01 7.45468302e-01]
 [2.42045280e+01 8.38651839e-01]
 [2.49990825e+01 9.31835377e-01]
 [2.57936370e+01 1.02501891e+00]
 [2.65881915e+01 1.11820245e+00]
 [2.73827459e+01 1.21138599e+00]
 [2.81773004e+01 1.30456953e+00]
 [2.89718549e+01 1.39775307e+00]
 [2.97664094e+01 1.49093660e+00]
 [3.05609639e+01 1.58412014e+00]
 [3.13555184e+01 1.67730368e+00]
 [3.21500728e+01 1.77048722e+00]
 [3.29446273e+01 1.86367075e+00]
 [3.37391818e+01 1.95685429e+00]
 [3.45337363e+01 2.05003783e+00]
 [3.53282908e+01 2.14322137e+00]
 [3.61228453e+01 2.23640491e+00]
 [3.69173997e+01 2.32958844e+00]
 [3.77119542e+01 2.42277198e+00]
 [3.85065087e+01 2.51595552e+00]
 [3.93010632e+01 2.60913906e+00]
 [4.00956177e+01 2.70232259e+00]
 [4.08901722e+01 2.79550613e+00]
 [4.16847267e+01 2.88868967e+00]
 [4.24792811e+01 2.98187321e+00]
 [4.32738356e+01 3.07505674e+00]
 [4.40683901e+01 3.16824028e+00]
 [4.48629446e+01 3.26142382e+00]
 [4.56574991e+01 3.35460736e+00]
 [4.64520536e+01 3.44779090e+00]
 [4.72466080e+01 3.54097443e+00]
 [4.80411625e+01 3.63415797e+00]
 [4.88357170e+01 3.72734151e+00]
 [4.96302715e+01 3.82052505e+00]
 [5.04248260e+01 3.91370858e+00]]"
1.8729096989966507,0,0,"[[ 0.          2.        ]
 [ 0.79957262  2.0261461 ]
 [ 1.59914525  2.05229219]
 [ 2.39871787  2.07843829]
 [ 3.1982905   2.10458438]
 [ 3.99786312  2.13073048]
 [ 4.79743575  2.15687657]
 [ 5.59700837  2.18302267]
 [ 6.396581    2.20916877]
 [ 7.19615362  2.23531486]
 [ 7.99572624  2.26146096]
 [ 8.79529887  2.28760705]
 [ 9.59487149  2.31375315]
 [10.39444412  2.33989924]
 [11.19401674  2.36604534]
 [11.99358937  2.39219144]
 [12.79316199  2.41833753]
 [13.59273461  2.44448363]
 [14.39230724  2.47062972]
 [15.19187986  2.49677582]
 [15.99145249  2.52292192]
 [16.79102511  2.54906801]
 [17.59059774  2.57521411]
 [18.39017036  2.6013602 ]
 [19.18974299  2.6275063 ]
 [19.98931561  2.65365239]
 [20.78888823  2.67979849]
 [21.58846086  2.70594459]
 [22.38803348  2.73209068]
 [23.18760611  2.75823678]
 [23.98717873  2.78438287]
 [24.78675136  2.81052897]
 [25.58632398  2.83667506]
 [26.3858966   2.86282116]
 [27.18546923  2.88896726]
 [27.98504185  2.91511335]
 [28.78461448  2.94125945]
 [29.5841871   2.96740554]
 [30.38375973  2.99355164]
 [31.18333235  3.01969773]
 [31.98290498  3.04584383]
 [32.7824776   3.07198993]
 [33.58205022  3.09813602]
 [34.38162285  3.12428212]
 [35.18119547  3.15042821]
 [35.9807681   3.17657431]
 [36.78034072  3.2027204 ]
 [37.57991335  3.2288665 ]
 [38.37948597  3.2550126 ]
 [39.1790586   3.28115869]
 [39.97863122  3.30730479]
 [40.77820384  3.33345088]
 [41.57777647  3.35959698]
 [42.37734909  3.38574308]
 [43.17692172  3.41188917]
 [43.97649434  3.43803527]
 [44.77606697  3.46418136]
 [45.57563959  3.49032746]
 [46.37521221  3.51647355]
 [47.17478484  3.54261965]
 [47.97435746  3.56876575]
 [48.77393009  3.59491184]
 [49.57350271  3.62105794]
 [50.37307534  3.64720403]]"
2.4080267558528448,0,0,"[[ 0.          2.        ]
 [ 0.79929356  2.0336125 ]
 [ 1.59858713  2.067225  ]
 [ 2.39788069  2.1008375 ]
 [ 3.19717425  2.13445   ]
 [ 3.99646782  2.1680625 ]
 [ 4.79576138  2.20167499]
 [ 5.59505494  2.23528749]
 [ 6.3943485   2.26889999]
 [ 7.19364207  2.30251249]
 [ 7.99293563  2.33612499]
 [ 8.79222919  2.36973749]
 [ 9.59152276  2.40334999]
 [10.39081632  2.43696249]
 [11.19010988  2.47057499]
 [11.98940345  2.50418749]
 [12.78869701  2.53779998]
 [13.58799057  2.57141248]
 [14.38728413  2.60502498]
 [15.1865777   2.63863748]
 [15.98587126  2.67224998]
 [16.78516482  2.70586248]
 [17.58445839  2.73947498]
 [18.38375195  2.77308748]
 [19.18304551  2.80669998]
 [19.98233908  2.84031248]
 [20.78163264  2.87392497]
 [21.5809262   2.90753747]
 [22.38021977  2.94114997]
 [23.17951333  2.97476247]
 [23.97880689  3.00837497]
 [24.77810045  3.04198747]
 [25.57739402  3.07559997]
 [26.37668758  3.10921247]
 [27.17598114  3.14282497]
 [27.97527471  3.17643747]
 [28.77456827  3.21004996]
 [29.57386183  3.24366246]
 [30.3731554   3.27727496]
 [31.17244896  3.31088746]
 [31.97174252  3.34449996]
 [32.77103608  3.37811246]
 [33.57032965  3.41172496]
 [34.36962321  3.44533746]
 [35.16891677  3.47894996]
 [35.96821034  3.51256246]
 [36.7675039   3.54617495]
 [37.56679746  3.57978745]
 [38.36609103  3.61339995]
 [39.16538459  3.64701245]
 [39.96467815  3.68062495]
 [40.76397171  3.71423745]
 [41.56326528  3.74784995]
 [42.36255884  3.78146245]
 [43.1618524   3.81507495]
 [43.96114597  3.84868745]
 [44.76043953  3.88229994]
 [45.55973309  3.91591244]
 [46.35902666  3.94952494]
 [47.15832022  3.98313744]
 [47.95761378  4.01674994]
 [48.75690735  4.05036244]
 [49.55620091  4.08397494]
 [50.35549447  4.11758744]]"
10.969899665551836,0,1,"[[ 0.          2.        ]
 [ 0.78538183  2.15223462]
 [ 1.57076366  2.30446923]
 [ 2.35614549  2.45670385]
 [ 3.14152733  2.60893847]
 [ 3.92690916  2.76117309]
 [ 4.71229099  2.9134077 ]
 [ 5.49767282  3.06564232]
 [ 6.28305465  3.21787694]
 [ 7.06843648  3.37011155]
 [ 7.85381832  3.52234617]
 [ 8.63920015  3.67458079]
 [ 9.42458198  3.8268154 ]
 [10.20996381  3.97905002]
 [10.99534564  4.13128464]
 [11.78072747  4.28351926]
 [12.56610931  4.43575387]
 [13.35149114  4.58798849]
 [14.13687297  4.74022311]
 [14.9222548   4.89245772]
 [15.70763663  5.04469234]
 [16.49301846  5.19692696]
 [17.27840029  5.34916157]
 [18.06378213  5.50139619]
 [18.84916396  5.65363081]
 [19.63454579  5.80586543]
 [20.41992762  5.95810004]
 [21.20530945  6.11033466]
 [21.99069128  6.26256928]
 [22.77607312  6.41480389]
 [23.56145495  6.56703851]
 [24.34683678  6.71927313]
 [25.13221861  6.87150774]
 [25.91760044  7.02374236]
 [26.70298227  7.17597698]
 [27.48836411  7.3282116 ]
 [28.27374594  7.48044621]
 [29.05912777  7.63268083]
 [29.8445096   7.78491545]
 [30.62989143  7.93715006]
 [30.95413567  8.        ]
 [30.95413567  8.        ]
 [31.7395175   7.84776538]
 [32.52489934  7.69553077]
 [33.31028117  7.54329615]
 [34.095663    7.39106153]
 [34.88104483  7.23882691]
 [35.66642666  7.0865923 ]
 [36.45180849  6.93435768]
 [37.23719032  6.78212306]
 [38.02257216  6.62988845]
 [38.80795399  6.47765383]
 [39.59333582  6.32541921]
 [40.37871765  6.1731846 ]
 [41.16409948  6.02094998]
 [41.94948131  5.86871536]
 [42.73486315  5.71648074]
 [43.52024498  5.56424613]
 [44.30562681  5.41201151]
 [45.09100864  5.25977689]
 [45.87639047  5.10754228]
 [46.6617723   4.95530766]
 [47.44715414  4.80307304]
 [48.23253597  4.65083843]
 [49.0179178   4.49860381]
 [49.80329963  4.34636919]
 [50.5         4.21132416]]"
11.50501672240803,0,1,"[[ 0.          2.        ]
 [ 0.7839258   2.15956299]
 [ 1.56785159  2.31912597]
 [ 2.35177739  2.47868896]
 [ 3.13570318  2.63825195]
 [ 3.91962898  2.79781494]
 [ 4.70355477  2.95737792]
 [ 5.48748057  3.11694091]
 [ 6.27140637  3.2765039 ]
 [ 7.05533216  3.43606689]
 [ 7.83925796  3.59562987]
 [ 8.62318375  3.75519286]
 [ 9.40710955  3.91475585]
 [10.19103534  4.07431884]
 [10.97496114  4.23388182]
 [11.75888693  4.39344481]
 [12.54281273  4.5530078 ]
 [13.32673853  4.71257079]
 [14.11066432  4.87213377]
 [14.89459012  5.03169676]
 [15.67851591  5.19125975]
 [16.46244171  5.35082273]
 [17.2463675   5.51038572]
 [18.0302933   5.66994871]
 [18.8142191   5.8295117 ]
 [19.59814489  5.98907468]
 [20.38207069  6.14863767]
 [21.16599648  6.30820066]
 [21.94992228  6.46776365]
 [22.73384807  6.62732663]
 [23.51777387  6.78688962]
 [24.30169966  6.94645261]
 [25.08562546  7.1060156 ]
 [25.86955126  7.26557858]
 [26.65347705  7.42514157]
 [27.43740285  7.58470456]
 [28.22132864  7.74426755]
 [29.00525444  7.90383053]
 [29.47773071  8.        ]
 [29.47773071  8.        ]
 [30.26165651  7.84043701]
 [31.04558231  7.68087403]
 [31.8295081   7.52131104]
 [32.6134339   7.36174805]
 [33.39735969  7.20218506]
 [34.18128549  7.04262208]
 [34.96521128  6.88305909]
 [35.74913708  6.7234961 ]
 [36.53306288  6.56393311]
 [37.31698867  6.40437013]
 [38.10091447  6.24480714]
 [38.88484026  6.08524415]
 [39.66876606  5.92568116]
 [40.45269185  5.76611818]
 [41.23661765  5.60655519]
 [42.02054344  5.4469922 ]
 [42.80446924  5.28742921]
 [43.58839504  5.12786623]
 [44.37232083  4.96830324]
 [45.15624663  4.80874025]
 [45.94017242  4.64917727]
 [46.72409822  4.48961428]
 [47.50802401  4.33005129]
 [48.29194981  4.1704883 ]
 [49.07587561  4.01092532]
 [49.8598014   3.85136233]
 [50.5         3.72105408]]"
19.531772575250827,1,1,"[[ 0.          2.        ]
 [ 0.75396499  2.26746363]
 [ 1.50792998  2.53492726]
 [ 2.26189497  2.80239089]
 [ 3.01585996  3.06985452]
 [ 3.76982495  3.33731815]
 [ 4.52378994  3.60478178]
 [ 5.27775493  3.8722454 ]
 [ 6.03171992  4.13970903]
 [ 6.78568492  4.40717266]
 [ 7.53964991  4.67463629]
 [ 8.2936149   4.94209992]
 [ 9.04757989  5.20956355]
 [ 9.80154488  5.47702718]
 [10.55550987  5.74449081]
 [11.30947486  6.01195444]
 [12.06343985  6.27941807]
 [12.81740484  6.5468817 ]
 [13.57136983  6.81434533]
 [14.32533482  7.08180896]
 [15.07929981  7.34927259]
 [15.8332648   7.61673621]
 [16.58722979  7.88419984]
 [16.91366395  8.        ]
 [16.91366395  8.        ]
 [17.66762894  7.73253637]
 [18.42159393  7.46507274]
 [19.17555892  7.19760911]
 [19.92952391  6.93014548]
 [20.6834889   6.66268185]
 [21.43745389  6.39521822]
 [22.19141888  6.1277546 ]
 [22.94538387  5.86029097]
 [23.69934886  5.59282734]
 [24.45331385  5.32536371]
 [25.20727884  5.05790008]
 [25.96124383  4.79043645]
 [26.71520883  4.52297282]
 [27.46917382  4.25550919]
 [28.22313881  3.98804556]
 [28.9771038   3.72058193]
 [29.73106879  3.4531183 ]
 [30.48503378  3.18565467]
 [31.23899877  2.91819104]
 [31.99296376  2.65072741]
 [32.74692875  2.38326379]
 [33.50089374  2.11580016]
 [34.25485873  1.84833653]
 [35.00882372  1.5808729 ]
 [35.76278871  1.31340927]
 [36.5167537   1.04594564]
 [37.27071869  0.77848201]
 [38.02468368  0.51101838]
 [38.77864867  0.24355475]
 [39.46521588  0.        ]
 [39.46521588  0.        ]
 [40.21918087  0.26746363]
 [40.97314586  0.53492726]
 [41.72711085  0.80239089]
 [42.48107584  1.06985452]
 [43.23504083  1.33731815]
 [43.98900582  1.60478178]
 [44.74297081  1.8722454 ]
 [45.4969358   2.13970903]
 [46.25090079  2.40717266]
 [47.00486578  2.67463629]
 [47.75883077  2.94209992]
 [48.51279577  3.20956355]
 [49.26676076  3.47702718]
 [50.02072575  3.74449081]]"
20.06688963210702,1,1,"[[0.00000000e+00 2.00000000e+00]
 [7.51434153e-01 2.27449356e+00]
 [1.50286831e+00 2.54898712e+00]
 [2.25430246e+00 2.82348068e+00]
 [3.00573661e+00 3.09797424e+00]
 [3.75717076e+00 3.37246780e+00]
 [4.50860492e+00 3.64696135e+00]
 [5.26003907e+00 3.92145491e+00]
 [6.01147322e+00 4.19594847e+00]
 [6.76290738e+00 4.47044203e+00]
 [7.51434153e+00 4.74493559e+00]
 [8.26577568e+00 5.01942915e+00]
 [9.01720983e+00 5.29392271e+00]
 [9.76864399e+00 5.56841627e+00]
 [1.05200781e+01 5.84290983e+00]
 [1.12715123e+01 6.11740339e+00]
 [1.20229464e+01 6.39189694e+00]
 [1.27743806e+01 6.66639050e+00]
 [1.35258148e+01 6.94088406e+00]
 [1.42772489e+01 7.21537762e+00]
 [1.50286831e+01 7.48987118e+00]
 [1.57801172e+01 7.76436474e+00]
 [1.64251756e+01 8.00000000e+00]
 [1.64251756e+01 8.00000000e+00]
 [1.71766098e+01 7.72550644e+00]
 [1.79280439e+01 7.45101288e+00]
 [1.86794781e+01 7.17651932e+00]
 [1.94309122e+01 6.90202576e+00]
 [2.01823464e+01 6.62753220e+00]
 [2.09337805e+01 6.35303865e+00]
 [2.16852147e+01 6.07854509e+00]
 [2.24366489e+01 5.80405153e+00]
 [2.31880830e+01 5.52955797e+00]
 [2.39395172e+01 5.25506441e+00]
 [2.46909513e+01 4.98057085e+00]
 [2.54423855e+01 4.70607729e+00]
 [2.61938196e+01 4.43158373e+00]
 [2.69452538e+01 4.15709017e+00]
 [2.76966879e+01 3.88259661e+00]
 [2.84481221e+01 3.60810306e+00]
 [2.91995562e+01 3.33360950e+00]
 [2.99509904e+01 3.05911594e+00]
 [3.07024245e+01 2.78462238e+00]
 [3.14538587e+01 2.51012882e+00]
 [3.22052928e+01 2.23563526e+00]
 [3.29567270e+01 1.96114170e+00]
 [3.37081611e+01 1.68664814e+00]
 [3.44595953e+01 1.41215458e+00]
 [3.52110295e+01 1.13766102e+00]
 [3.59624636e+01 8.63167465e-01]
 [3.67138978e+01 5.88673906e-01]
 [3.74653319e+01 3.14180347e-01]
 [3.82167661e+01 3.96867876e-02]
 [3.83254098e+01 0.00000000e+00]
 [3.83254098e+01 0.00000000e+00]
 [3.90768440e+01 2.74493559e-01]
 [3.98282781e+01 5.48987118e-01]
 [4.05797123e+01 8.23480677e-01]
 [4.13311464e+01 1.09797424e+00]
 [4.20825806e+01 1.37246780e+00]
 [4.28340147e+01 1.64696135e+00]
 [4.35854489e+01 1.92145491e+00]
 [4.43368830e+01 2.19594847e+00]
 [4.50883172e+01 2.47044203e+00]
 [4.58397513e+01 2.74493559e+00]
 [4.65911855e+01 3.01942915e+00]
 [4.73426196e+01 3.29392271e+00]
 [4.80940538e+01 3.56841627e+00]
 [4.88454879e+01 3.84290983e+00]
 [4.95969221e+01 4.11740339e+00]
 [5.03483563e+01 4.39189694e+00]]"
27.023411371237458,1,2,"[[0.00000000e+00 2.00000000e+00]
 [7.12656757e-01 2.36348363e+00]
 [1.42531351e+00 2.72696725e+00]
 [2.13797027e+00 3.09045088e+00]
 [2.85062703e+00 3.45393450e+00]
 [3.56328379e+00 3.81741813e+00]
 [4.27594054e+00 4.18090175e+00]
 [4.98859730e+00 4.54438538e+00]
 [5.70125406e+00 4.90786900e+00]
 [6.41391082e+00 5.27135263e+00]
 [7.12656757e+00 5.63483626e+00]
 [7.83922433e+00 5.99831988e+00]
 [8.55188109e+00 6.36180351e+00]
 [9.26453785e+00 6.72528713e+00]
 [9.97719460e+00 7.08877076e+00]
 [1.06898514e+01 7.45225438e+00]
 [1.14025081e+01 7.81573801e+00]
 [1.17637776e+01 8.00000000e+00]
 [1.17637776e+01 8.00000000e+00]
 [1.24764344e+01 7.63651637e+00]
 [1.31890911e+01 7.27303275e+00]
 [1.39017479e+01 6.90954912e+00]
 [1.46144047e+01 6.54606550e+00]
 [1.53270614e+01 6.18258187e+00]
 [1.60397182e+01 5.81909825e+00]
 [1.67523749e+01 5.45561462e+00]
 [1.74650317e+01 5.09213100e+00]
 [1.81776884e+01 4.72864737e+00]
 [1.88903452e+01 4.36516374e+00]
 [1.96030020e+01 4.00168012e+00]
 [2.03156587e+01 3.63819649e+00]
 [2.10283155e+01 3.27471287e+00]
 [2.17409722e+01 2.91122924e+00]
 [2.24536290e+01 2.54774562e+00]
 [2.31662858e+01 2.18426199e+00]
 [2.38789425e+01 1.82077836e+00]
 [2.45915993e+01 1.45729474e+00]
 [2.53042560e+01 1.09381111e+00]
 [2.60169128e+01 7.30327488e-01]
 [2.67295695e+01 3.66843862e-01]
 [2.74422263e+01 3.36023669e-03]
 [2.74488145e+01 0.00000000e+00]
 [2.74488145e+01 0.00000000e+00]
 [2.81614712e+01 3.63483626e-01]
 [2.88741280e+01 7.26967251e-01]
 [2.95867847e+01 1.09045088e+00]
 [3.02994415e+01 1.45393450e+00]
 [3.10120983e+01 1.81741813e+00]
 [3.17247550e+01 2.18090175e+00]
 [3.24374118e+01 2.54438538e+00]
 [3.31500685e+01 2.90786900e+00]
 [3.38627253e+01 3.27135263e+00]
 [3.45753820e+01 3.63483626e+00]
 [3.52880388e+01 3.99831988e+00]
 [3.60006956e+01 4.36180351e+00]
 [3.67133523e+01 4.72528713e+00]
 [3.74260091e+01 5.08877076e+00]
 [3.81386658e+01 5.45225438e+00]
 [3.88513226e+01 5.81573801e+00]
 [3.95639794e+01 6.17922164e+00]
 [4.02766361e+01 6.54270526e+00]
 [4.09892929e+01 6.90618889e+00]
 [4.17019496e+01 7.26967251e+00]
 [4.24146064e+01 7.63315614e+00]
 [4.31272631e+01 7.99663976e+00]
 [4.31338513e+01 8.00000000e+00]
 [4.31338513e+01 8.00000000e+00]
 [4.38465081e+01 7.63651637e+00]
 [4.45591648e+01 7.27303275e+00]
 [4.52718216e+01 6.90954912e+00]
 [4.59844783e+01 6.54606550e+00]
 [4.66971351e+01 6.18258187e+00]
 [4.74097919e+01 5.81909825e+00]
 [4.81224486e+01 5.45561462e+00]
 [4.88351054e+01 5.09213100e+00]
 [4.95477621e+01 4.72864737e+00]
 [5.02604189e+01 4.36516374e+00]]"
27.558528428093638,1,2,"[[ 0.          2.        ]
 [ 0.70923095  2.37012357]
 [ 1.4184619   2.74024715]
 [ 2.12769285  3.11037072]
 [ 2.8369238   3.48049429]
 [ 3.54615475  3.85061786]
 [ 4.2553857   4.22074144]
 [ 4.96461665  4.59086501]
 [ 5.6738476   4.96098858]
 [ 6.38307855  5.33111215]
 [ 7.0923095   5.70123573]
 [ 7.80154045  6.0713593 ]
 [ 8.5107714   6.44148287]
 [ 9.22000235  6.81160645]
 [ 9.9292333   7.18173002]
 [10.63846425  7.55185359]
 [11.34769521  7.92197716]
 [11.4972026   8.        ]
 [11.4972026   8.        ]
 [12.20643355  7.62987643]
 [12.9156645   7.25975285]
 [13.62489545  6.88962928]
 [14.3341264   6.51950571]
 [15.04335735  6.14938214]
 [15.7525883   5.77925856]
 [16.46181925  5.40913499]
 [17.1710502   5.03901142]
 [17.88028115  4.66888785]
 [18.5895121   4.29876427]
 [19.29874305  3.9286407 ]
 [20.007974    3.55851713]
 [20.71720495  3.18839355]
 [21.4264359   2.81826998]
 [22.13566685  2.44814641]
 [22.8448978   2.07802284]
 [23.55412875  1.70789926]
 [24.2633597   1.33777569]
 [24.97259065  0.96765212]
 [25.6818216   0.59752854]
 [26.39105255  0.22740497]
 [26.82680606  0.        ]
 [26.82680606  0.        ]
 [27.53603701  0.37012357]
 [28.24526796  0.74024715]
 [28.95449891  1.11037072]
 [29.66372986  1.48049429]
 [30.37296081  1.85061786]
 [31.08219176  2.22074144]
 [31.79142271  2.59086501]
 [32.50065366  2.96098858]
 [33.20988461  3.33111215]
 [33.91911556  3.70123573]
 [34.62834651  4.0713593 ]
 [35.33757746  4.44148287]
 [36.04680841  4.81160645]
 [36.75603936  5.18173002]
 [37.46527031  5.55185359]
 [38.17450126  5.92197716]
 [38.88373221  6.29210074]
 [39.59296317  6.66222431]
 [40.30219412  7.03234788]
 [41.01142507  7.40247146]
 [41.72065602  7.77259503]
 [42.15640952  8.        ]
 [42.15640952  8.        ]
 [42.86564047  7.62987643]
 [43.57487142  7.25975285]
 [44.28410237  6.88962928]
 [44.99333332  6.51950571]
 [45.70256427  6.14938214]
 [46.41179522  5.77925856]
 [47.12102617  5.40913499]
 [47.83025712  5.03901142]
 [48.53948807  4.66888785]
 [49.24871903  4.29876427]
 [49.95794998  3.9286407 ]
 [50.5         3.64576318]]"
33.97993311036788,2,2,"[[ 0.00000000e+00  2.00000000e+00]
 [ 6.63386696e-01  2.44712201e+00]
 [ 1.32677339e+00  2.89424402e+00]
 [ 1.99016009e+00  3.34136603e+00]
 [ 2.65354678e+00  3.78848804e+00]
 [ 3.31693348e+00  4.23561005e+00]
 [ 3.98032017e+00  4.68273206e+00]
 [ 4.64370687e+00  5.12985407e+00]
 [ 5.30709357e+00  5.57697608e+00]
 [ 5.97048026e+00  6.02409809e+00]
 [ 6.63386696e+00  6.47122010e+00]
 [ 7.29725365e+00  6.91834211e+00]
 [ 7.96064035e+00  7.36546412e+00]
 [ 8.62402704e+00  7.81258613e+00]
 [ 8.90208955e+00  8.00000000e+00]
 [ 8.90208955e+00  8.00000000e+00]
 [ 9.56547625e+00  7.55287799e+00]
 [ 1.02288629e+01  7.10575598e+00]
 [ 1.08922496e+01  6.65863397e+00]
 [ 1.15556363e+01  6.21151196e+00]
 [ 1.22190230e+01  5.76438995e+00]
 [ 1.28824097e+01  5.31726794e+00]
 [ 1.35457964e+01  4.87014593e+00]
 [ 1.42091831e+01  4.42302392e+00]
 [ 1.48725698e+01  3.97590191e+00]
 [ 1.55359565e+01  3.52877990e+00]
 [ 1.61993432e+01  3.08165789e+00]
 [ 1.68627299e+01  2.63453588e+00]
 [ 1.75261166e+01  2.18741387e+00]
 [ 1.81895033e+01  1.74029186e+00]
 [ 1.88528900e+01  1.29316985e+00]
 [ 1.95162767e+01  8.46047838e-01]
 [ 2.01796634e+01  3.98925828e-01]
 [ 2.07715423e+01 -5.55111512e-17]
 [ 2.07715423e+01 -5.55111512e-17]
 [ 2.14349290e+01  4.47122010e-01]
 [ 2.20983157e+01  8.94244020e-01]
 [ 2.27617024e+01  1.34136603e+00]
 [ 2.34250891e+01  1.78848804e+00]
 [ 2.40884758e+01  2.23561005e+00]
 [ 2.47518625e+01  2.68273206e+00]
 [ 2.54152492e+01  3.12985407e+00]
 [ 2.60786359e+01  3.57697608e+00]
 [ 2.67420225e+01  4.02409809e+00]
 [ 2.74054092e+01  4.47122010e+00]
 [ 2.80687959e+01  4.91834211e+00]
 [ 2.87321826e+01  5.36546412e+00]
 [ 2.93955693e+01  5.81258613e+00]
 [ 3.00589560e+01  6.25970814e+00]
 [ 3.07223427e+01  6.70683015e+00]
 [ 3.13857294e+01  7.15395216e+00]
 [ 3.20491161e+01  7.60107417e+00]
 [ 3.26409950e+01  8.00000000e+00]
 [ 3.26409950e+01  8.00000000e+00]
 [ 3.33043817e+01  7.55287799e+00]
 [ 3.39677684e+01  7.10575598e+00]
 [ 3.46311551e+01  6.65863397e+00]
 [ 3.52945418e+01  6.21151196e+00]
 [ 3.59579285e+01  5.76438995e+00]
 [ 3.66213152e+01  5.31726794e+00]
 [ 3.72847019e+01  4.87014593e+00]
 [ 3.79480886e+01  4.42302392e+00]
 [ 3.86114753e+01  3.97590191e+00]
 [ 3.92748620e+01  3.52877990e+00]
 [ 3.99382487e+01  3.08165789e+00]
 [ 4.06016354e+01  2.63453588e+00]
 [ 4.12650221e+01  2.18741387e+00]
 [ 4.19284088e+01  1.74029186e+00]
 [ 4.25917955e+01  1.29316985e+00]
 [ 4.32551822e+01  8.46047838e-01]
 [ 4.39185689e+01  3.98925828e-01]
 [ 4.45104478e+01 -5.55111512e-17]
 [ 4.45104478e+01 -5.55111512e-17]
 [ 4.51738345e+01  4.47122010e-01]
 [ 4.58372212e+01  8.94244020e-01]
 [ 4.65006078e+01  1.34136603e+00]
 [ 4.71639945e+01  1.78848804e+00]
 [ 4.78273812e+01  2.23561005e+00]
 [ 4.84907679e+01  2.68273206e+00]
 [ 4.91541546e+01  3.12985407e+00]
 [ 4.98175413e+01  3.57697608e+00]
 [ 5.04809280e+01  4.02409809e+00]]"
34.515050167224075,2,2,"[[ 0.          2.        ]
 [ 0.6591819   2.45329816]
 [ 1.31836381  2.90659631]
 [ 1.97754571  3.35989447]
 [ 2.63672761  3.81319262]
 [ 3.29590952  4.26649078]
 [ 3.95509142  4.71978893]
 [ 4.61427332  5.17308709]
 [ 5.27345523  5.62638525]
 [ 5.93263713  6.0796834 ]
 [ 6.59181904  6.53298156]
 [ 7.25100094  6.98627971]
 [ 7.91018284  7.43957787]
 [ 8.56936475  7.89287602]
 [ 8.72514342  8.        ]
 [ 8.72514342  8.        ]
 [ 9.38432532  7.54670184]
 [10.04350723  7.09340369]
 [10.70268913  6.64010553]
 [11.36187103  6.18680738]
 [12.02105294  5.73350922]
 [12.68023484  5.28021107]
 [13.33941675  4.82691291]
 [13.99859865  4.37361475]
 [14.65778055  3.9203166 ]
 [15.31696246  3.46701844]
 [15.97614436  3.01372029]
 [16.63532626  2.56042213]
 [17.29450817  2.10712398]
 [17.95369007  1.65382582]
 [18.61287197  1.20052766]
 [19.27205388  0.74722951]
 [19.93123578  0.29393135]
 [20.35866798  0.        ]
 [20.35866798  0.        ]
 [21.01784989  0.45329816]
 [21.67703179  0.90659631]
 [22.33621369  1.35989447]
 [22.9953956   1.81319262]
 [23.6545775   2.26649078]
 [24.3137594   2.71978893]
 [24.97294131  3.17308709]
 [25.63212321  3.62638525]
 [26.29130511  4.0796834 ]
 [26.95048702  4.53298156]
 [27.60966892  4.98627971]
 [28.26885082  5.43957787]
 [28.92803273  5.89287602]
 [29.58721463  6.34617418]
 [30.24639653  6.79947234]
 [30.90557844  7.25277049]
 [31.56476034  7.70606865]
 [31.99219254  8.        ]
 [31.99219254  8.        ]
 [32.65137445  7.54670184]
 [33.31055635  7.09340369]
 [33.96973825  6.64010553]
 [34.62892016  6.18680738]
 [35.28810206  5.73350922]
 [35.94728396  5.28021107]
 [36.60646587  4.82691291]
 [37.26564777  4.37361475]
 [37.92482967  3.9203166 ]
 [38.58401158  3.46701844]
 [39.24319348  3.01372029]
 [39.90237539  2.56042213]
 [40.56155729  2.10712398]
 [41.22073919  1.65382582]
 [41.8799211   1.20052766]
 [42.539103    0.74722951]
 [43.1982849   0.29393135]
 [43.6257171   0.        ]
 [43.6257171   0.        ]
 [44.28489901  0.45329816]
 [44.94408091  0.90659631]
 [45.60326281  1.35989447]
 [46.26244472  1.81319262]
 [46.92162662  2.26649078]
 [47.58080852  2.71978893]
 [48.23999043  3.17308709]
 [48.89917233  3.62638525]
 [49.55835424  4.0796834 ]
 [50.21753614  4.53298156]]"
39.866220735785944,2,3,"[[ 0.          2.        ]
 [ 0.61403455  2.51279778]
 [ 1.22806911  3.02559557]
 [ 1.84210366  3.53839335]
 [ 2.45613821  4.05119114]
 [ 3.07017276  4.56398892]
 [ 3.68420732  5.07678671]
 [ 4.29824187  5.58958449]
 [ 4.91227642  6.10238228]
 [ 5.52631098  6.61518006]
 [ 6.14034553  7.12797785]
 [ 6.75438008  7.64077563]
 [ 7.18452269  8.        ]
 [ 7.18452269  8.        ]
 [ 7.79855724  7.48720222]
 [ 8.41259179  6.97440443]
 [ 9.02662635  6.46160665]
 [ 9.6406609   5.94880886]
 [10.25469545  5.43601108]
 [10.86873     4.92321329]
 [11.48276456  4.41041551]
 [12.09679911  3.89761772]
 [12.71083366  3.38481994]
 [13.32486822  2.87202215]
 [13.93890277  2.35922437]
 [14.55293732  1.84642659]
 [15.16697188  1.3336288 ]
 [15.78100643  0.82083102]
 [16.39504098  0.30803323]
 [16.76388627  0.        ]
 [16.76388627  0.        ]
 [17.37792082  0.51279778]
 [17.99195538  1.02559557]
 [18.60598993  1.53839335]
 [19.22002448  2.05119114]
 [19.83405904  2.56398892]
 [20.44809359  3.07678671]
 [21.06212814  3.58958449]
 [21.67616269  4.10238228]
 [22.29019725  4.61518006]
 [22.9042318   5.12797785]
 [23.51826635  5.64077563]
 [24.13230091  6.15357341]
 [24.74633546  6.6663712 ]
 [25.36037001  7.17916898]
 [25.97440456  7.69196677]
 [26.34324985  8.        ]
 [26.34324985  8.        ]
 [26.95728441  7.48720222]
 [27.57131896  6.97440443]
 [28.18535351  6.46160665]
 [28.79938807  5.94880886]
 [29.41342262  5.43601108]
 [30.02745717  4.92321329]
 [30.64149172  4.41041551]
 [31.25552628  3.89761772]
 [31.86956083  3.38481994]
 [32.48359538  2.87202215]
 [33.09762994  2.35922437]
 [33.71166449  1.84642659]
 [34.32569904  1.3336288 ]
 [34.93973359  0.82083102]
 [35.55376815  0.30803323]
 [35.92261344  0.        ]
 [35.92261344  0.        ]
 [36.53664799  0.51279778]
 [37.15068254  1.02559557]
 [37.7647171   1.53839335]
 [38.37875165  2.05119114]
 [38.9927862   2.56398892]
 [39.60682076  3.07678671]
 [40.22085531  3.58958449]
 [40.83488986  4.10238228]
 [41.44892441  4.61518006]
 [42.06295897  5.12797785]
 [42.67699352  5.64077563]
 [43.29102807  6.15357341]
 [43.90506263  6.6663712 ]
 [44.51909718  7.17916898]
 [45.13313173  7.69196677]
 [45.50197702  8.        ]
 [45.50197702  8.        ]
 [46.11601157  7.48720222]
 [46.73004613  6.97440443]
 [47.34408068  6.46160665]
 [47.95811523  5.94880886]
 [48.57214979  5.43601108]
 [49.18618434  4.92321329]
 [49.80021889  4.41041551]
 [50.41425344  3.89761772]]"
40.40133779264214,2,3,"[[ 0.00000000e+00  2.00000000e+00]
 [ 6.09218540e-01  2.51851015e+00]
 [ 1.21843708e+00  3.03702029e+00]
 [ 1.82765562e+00  3.55553044e+00]
 [ 2.43687416e+00  4.07404058e+00]
 [ 3.04609270e+00  4.59255073e+00]
 [ 3.65531124e+00  5.11106087e+00]
 [ 4.26452978e+00  5.62957102e+00]
 [ 4.87374832e+00  6.14808116e+00]
 [ 5.48296686e+00  6.66659131e+00]
 [ 6.09218540e+00  7.18510146e+00]
 [ 6.70140394e+00  7.70361160e+00]
 [ 7.04964265e+00  8.00000000e+00]
 [ 7.04964265e+00  8.00000000e+00]
 [ 7.65886119e+00  7.48148985e+00]
 [ 8.26807973e+00  6.96297971e+00]
 [ 8.87729827e+00  6.44446956e+00]
 [ 9.48651681e+00  5.92595942e+00]
 [ 1.00957353e+01  5.40744927e+00]
 [ 1.07049539e+01  4.88893913e+00]
 [ 1.13141724e+01  4.37042898e+00]
 [ 1.19233910e+01  3.85191884e+00]
 [ 1.25326095e+01  3.33340869e+00]
 [ 1.31418280e+01  2.81489854e+00]
 [ 1.37510466e+01  2.29638840e+00]
 [ 1.43602651e+01  1.77787825e+00]
 [ 1.49694837e+01  1.25936811e+00]
 [ 1.55787022e+01  7.40857962e-01]
 [ 1.61879207e+01  2.22347817e-01]
 [ 1.64491662e+01 -2.77555756e-17]
 [ 1.64491662e+01 -2.77555756e-17]
 [ 1.70583847e+01  5.18510146e-01]
 [ 1.76676033e+01  1.03702029e+00]
 [ 1.82768218e+01  1.55553044e+00]
 [ 1.88860403e+01  2.07404058e+00]
 [ 1.94952589e+01  2.59255073e+00]
 [ 2.01044774e+01  3.11106087e+00]
 [ 2.07136960e+01  3.62957102e+00]
 [ 2.13229145e+01  4.14808116e+00]
 [ 2.19321330e+01  4.66659131e+00]
 [ 2.25413516e+01  5.18510146e+00]
 [ 2.31505701e+01  5.70361160e+00]
 [ 2.37597887e+01  6.22212175e+00]
 [ 2.43690072e+01  6.74063189e+00]
 [ 2.49782257e+01  7.25914204e+00]
 [ 2.55874443e+01  7.77765218e+00]
 [ 2.58486897e+01  8.00000000e+00]
 [ 2.58486897e+01  8.00000000e+00]
 [ 2.64579083e+01  7.48148985e+00]
 [ 2.70671268e+01  6.96297971e+00]
 [ 2.76763453e+01  6.44446956e+00]
 [ 2.82855639e+01  5.92595942e+00]
 [ 2.88947824e+01  5.40744927e+00]
 [ 2.95040010e+01  4.88893913e+00]
 [ 3.01132195e+01  4.37042898e+00]
 [ 3.07224380e+01  3.85191884e+00]
 [ 3.13316566e+01  3.33340869e+00]
 [ 3.19408751e+01  2.81489854e+00]
 [ 3.25500937e+01  2.29638840e+00]
 [ 3.31593122e+01  1.77787825e+00]
 [ 3.37685307e+01  1.25936811e+00]
 [ 3.43777493e+01  7.40857962e-01]
 [ 3.49869678e+01  2.22347817e-01]
 [ 3.52482133e+01 -2.77555756e-17]
 [ 3.52482133e+01 -2.77555756e-17]
 [ 3.58574318e+01  5.18510146e-01]
 [ 3.64666503e+01  1.03702029e+00]
 [ 3.70758689e+01  1.55553044e+00]
 [ 3.76850874e+01  2.07404058e+00]
 [ 3.82943060e+01  2.59255073e+00]
 [ 3.89035245e+01  3.11106087e+00]
 [ 3.95127430e+01  3.62957102e+00]
 [ 4.01219616e+01  4.14808116e+00]
 [ 4.07311801e+01  4.66659131e+00]
 [ 4.13403987e+01  5.18510146e+00]
 [ 4.19496172e+01  5.70361160e+00]
 [ 4.25588357e+01  6.22212175e+00]
 [ 4.31680543e+01  6.74063189e+00]
 [ 4.37772728e+01  7.25914204e+00]
 [ 4.43864914e+01  7.77765218e+00]
 [ 4.46477368e+01  8.00000000e+00]
 [ 4.46477368e+01  8.00000000e+00]
 [ 4.52569553e+01  7.48148985e+00]
 [ 4.58661739e+01  6.96297971e+00]
 [ 4.64753924e+01  6.44446956e+00]
 [ 4.70846110e+01  5.92595942e+00]
 [ 4.76938295e+01  5.40744927e+00]
 [ 4.83030480e+01  4.88893913e+00]
 [ 4.89122666e+01  4.37042898e+00]
 [ 4.95214851e+01  3.85191884e+00]
 [ 5.01307036e+01  3.33340869e+00]]"
44.682274247491634,3,3,"[[ 0.          2.        ]
 [ 0.56881364  2.56253981]
 [ 1.13762728  3.12507963]
 [ 1.70644092  3.68761944]
 [ 2.27525456  4.25015925]
 [ 2.8440682   4.81269907]
 [ 3.41288184  5.37523888]
 [ 3.98169549  5.9377787 ]
 [ 4.55050913  6.50031851]
 [ 5.11932277  7.06285832]
 [ 5.68813641  7.62539814]
 [ 6.06691609  8.        ]
 [ 6.06691609  8.        ]
 [ 6.63572973  7.43746019]
 [ 7.20454337  6.87492037]
 [ 7.77335701  6.31238056]
 [ 8.34217065  5.74984075]
 [ 8.91098429  5.18730093]
 [ 9.47979793  4.62476112]
 [10.04861157  4.0622213 ]
 [10.61742521  3.49968149]
 [11.18623885  2.93714168]
 [11.75505249  2.37460186]
 [12.32386613  1.81206205]
 [12.89267978  1.24952224]
 [13.46149342  0.68698242]
 [14.03030706  0.12444261]
 [14.15613753  0.        ]
 [14.15613753  0.        ]
 [14.72495117  0.56253981]
 [15.29376481  1.12507963]
 [15.86257846  1.68761944]
 [16.4313921   2.25015925]
 [17.00020574  2.81269907]
 [17.56901938  3.37523888]
 [18.13783302  3.9377787 ]
 [18.70664666  4.50031851]
 [19.2754603   5.06285832]
 [19.84427394  5.62539814]
 [20.41308758  6.18793795]
 [20.98190122  6.75047776]
 [21.55071486  7.31301758]
 [22.1195285   7.87555739]
 [22.24535898  8.        ]
 [22.24535898  8.        ]
 [22.81417262  7.43746019]
 [23.38298626  6.87492037]
 [23.9517999   6.31238056]
 [24.52061354  5.74984075]
 [25.08942719  5.18730093]
 [25.65824083  4.62476112]
 [26.22705447  4.0622213 ]
 [26.79586811  3.49968149]
 [27.36468175  2.93714168]
 [27.93349539  2.37460186]
 [28.50230903  1.81206205]
 [29.07112267  1.24952224]
 [29.63993631  0.68698242]
 [30.20874995  0.12444261]
 [30.33458043  0.        ]
 [30.33458043  0.        ]
 [30.90339407  0.56253981]
 [31.47220771  1.12507963]
 [32.04102135  1.68761944]
 [32.60983499  2.25015925]
 [33.17864863  2.81269907]
 [33.74746227  3.37523888]
 [34.31627591  3.9377787 ]
 [34.88508956  4.50031851]
 [35.4539032   5.06285832]
 [36.02271684  5.62539814]
 [36.59153048  6.18793795]
 [37.16034412  6.75047776]
 [37.72915776  7.31301758]
 [38.2979714   7.87555739]
 [38.42380188  8.        ]
 [38.42380188  8.        ]
 [38.99261552  7.43746019]
 [39.56142916  6.87492037]
 [40.1302428   6.31238056]
 [40.69905644  5.74984075]
 [41.26787008  5.18730093]
 [41.83668372  4.62476112]
 [42.40549736  4.0622213 ]
 [42.974311    3.49968149]
 [43.54312464  2.93714168]
 [44.11193828  2.37460186]
 [44.68075193  1.81206205]
 [45.24956557  1.24952224]
 [45.81837921  0.68698242]
 [46.38719285  0.12444261]
 [46.51302332  0.        ]
 [46.51302332  0.        ]
 [47.08183696  0.56253981]
 [47.65065061  1.12507963]
 [48.21946425  1.68761944]
 [48.78827789  2.25015925]
 [49.35709153  2.81269907]
 [49.92590517  3.37523888]
 [50.49471881  3.9377787 ]]"
45.217391304347814,3,3,"[[ 0.          2.        ]
 [ 0.56353504  2.56782767]
 [ 1.12707008  3.13565534]
 [ 1.69060511  3.703483  ]
 [ 2.25414015  4.27131067]
 [ 2.81767519  4.83913834]
 [ 3.38121023  5.40696601]
 [ 3.94474527  5.97479368]
 [ 4.5082803   6.54262135]
 [ 5.07181534  7.11044901]
 [ 5.63535038  7.67827668]
 [ 5.95464155  8.        ]
 [ 5.95464155  8.        ]
 [ 6.51817659  7.43217233]
 [ 7.08171163  6.86434466]
 [ 7.64524667  6.296517  ]
 [ 8.20878171  5.72868933]
 [ 8.77231674  5.16086166]
 [ 9.33585178  4.59303399]
 [ 9.89938682  4.02520632]
 [10.46292186  3.45737865]
 [11.0264569   2.88955099]
 [11.58999193  2.32172332]
 [12.15352697  1.75389565]
 [12.71706201  1.18606798]
 [13.28059705  0.61824031]
 [13.84413209  0.05041264]
 [13.89416362  0.        ]
 [13.89416362  0.        ]
 [14.45769866  0.56782767]
 [15.0212337   1.13565534]
 [15.58476874  1.703483  ]
 [16.14830378  2.27131067]
 [16.71183881  2.83913834]
 [17.27537385  3.40696601]
 [17.83890889  3.97479368]
 [18.40244393  4.54262135]
 [18.96597897  5.11044901]
 [19.529514    5.67827668]
 [20.09304904  6.24610435]
 [20.65658408  6.81393202]
 [21.22011912  7.38175969]
 [21.78365416  7.94958736]
 [21.83368569  8.        ]
 [21.83368569  8.        ]
 [22.39722073  7.43217233]
 [22.96075577  6.86434466]
 [23.52429081  6.296517  ]
 [24.08782585  5.72868933]
 [24.65136088  5.16086166]
 [25.21489592  4.59303399]
 [25.77843096  4.02520632]
 [26.341966    3.45737865]
 [26.90550104  2.88955099]
 [27.46903607  2.32172332]
 [28.03257111  1.75389565]
 [28.59610615  1.18606798]
 [29.15964119  0.61824031]
 [29.72317623  0.05041264]
 [29.77320776  0.        ]
 [29.77320776  0.        ]
 [30.3367428   0.56782767]
 [30.90027784  1.13565534]
 [31.46381288  1.703483  ]
 [32.02734792  2.27131067]
 [32.59088295  2.83913834]
 [33.15441799  3.40696601]
 [33.71795303  3.97479368]
 [34.28148807  4.54262135]
 [34.84502311  5.11044901]
 [35.40855814  5.67827668]
 [35.97209318  6.24610435]
 [36.53562822  6.81393202]
 [37.09916326  7.38175969]
 [37.6626983   7.94958736]
 [37.71272983  8.        ]
 [37.71272983  8.        ]
 [38.27626487  7.43217233]
 [38.83979991  6.86434466]
 [39.40333495  6.296517  ]
 [39.96686999  5.72868933]
 [40.53040502  5.16086166]
 [41.09394006  4.59303399]
 [41.6574751   4.02520632]
 [42.22101014  3.45737865]
 [42.78454518  2.88955099]
 [43.34808021  2.32172332]
 [43.91161525  1.75389565]
 [44.47515029  1.18606798]
 [45.03868533  0.61824031]
 [45.60222037  0.05041264]
 [45.6522519   0.        ]
 [45.6522519   0.        ]
 [46.21578694  0.56782767]
 [46.77932198  1.13565534]
 [47.34285702  1.703483  ]
 [47.90639206  2.27131067]
 [48.46992709  2.83913834]
 [49.03346213  3.40696601]
 [49.59699717  3.97479368]
 [50.16053221  4.54262135]]"
